NCAA,ESPN,ESPN_PBP,Warren_Nolan,Trank,name_247,sref_link,sref_name,conference
A&M-Corpus Christi,Texas A&M-CC,Texas A&M-CC,Texas A&M-Corpus Christi,Texas A&M Corpus Chris,Texas A&M Corpus Christi,texas-am-corpus-christi,Texas A&M-Corpus Christi,Southland
Abilene Christian,Abil Christian,Abilene Christian,Abilene Christian,Abilene Christian,Abilene Christian,abilene-christian,Abilene Christian,WAC
Air Force,Air Force,Air Force,Air Force,Air Force,Air Force,air-force,Air Force,MWC
Akron,Akron,Akron,Akron,Akron,Akron,akron,Akron,MAC
Alabama,Alabama,Alabama,Alabama,Alabama,Alabama,alabama,Alabama,SEC
Alabama A&M,Alabama A&M,Alabama A&M,Alabama A&M,Alabama A&M,Alabama A&M,alabama-am,Alabama A&M,SWAC
Alabama St.,Alabama State,Alabama State,Alabama State,Alabama St.,Alabama State,alabama-state,Alabama State,SWAC
UAlbany,Albany,Albany,Albany,Albany,Albany,albany-ny,Albany (NY),Am. East
Alcorn,Alcorn State,Alcorn State,Alcorn State,Alcorn St.,Alcorn State,alcorn-state,Alcorn State,SWAC
American,American,American,American,American,American,american,American,Patriot
App State,Appalachian St,Appalachian State,Appalachian State,Appalachian St.,Appalachian State,appalachian-state,Appalachian State,Sunbelt
Arizona,Arizona,Arizona,Arizona,Arizona,Arizona,arizona,Arizona,Pac 12
Arizona St.,Arizona State,Arizona State,Arizona State,Arizona St.,Arizona State,arizona-state,Arizona State,Pac 12
Ark.-Pine Bluff,AR-Pine Bluff,Arkansas-Pine Bluff,Arkansas-Pine Bluff,Arkansas Pine Bluff,Arkansas-Pine Bluff,arkansas-pine-bluff,Arkansas-Pine Bluff,SWAC
Arkansas,Arkansas,Arkansas,Arkansas,Arkansas,Arkansas,arkansas,Arkansas,SEC
Arkansas St.,Arkansas State,Arkansas St,Arkansas State,Arkansas St.,Arkansas State,arkansas-state,Arkansas State,Sunbelt
Army West Point,Army,Army,Army,Army,Army,army,Army,Patriot
Auburn,Auburn,Auburn,Auburn,Auburn,Auburn,auburn,Auburn,SEC
Austin Peay,Austin Peay,Austin Peay,Austin Peay,Austin Peay,Austin Peay,austin-peay,Austin Peay,A-Sun
Ball St.,Ball State,Ball State,Ball State,Ball St.,Ball State,ball-state,Ball State,MAC
Baylor,Baylor,Baylor,Baylor,Baylor,Baylor,baylor,Baylor,Big 12
Bellarmine,Bellarmine,Bellarmine,Bellarmine,Bellarmine,Bellarmine,,Bellarmine,A-Sun
Belmont,Belmont,Belmont,Belmont,Belmont,Belmont,belmont,Belmont,MVC
Bethune-Cookman,Bethune-Cookman,Bethune-Cookman,Bethune-Cookman,Bethune Cookman,Bethune-Cookman,bethune-cookman,Bethune-Cookman,SWAC
Binghamton,Binghamton,Binghamton,Binghamton,Binghamton,Binghamton,binghamton,Binghamton,Am. East
Boise St.,Boise State,Boise State,Boise State,Boise St.,Boise State,boise-state,Boise State,MWC
Boston College,Boston College,Boston College,Boston College,Boston College,Boston College,boston-college,Boston College,ACC
Boston U.,Boston U,Boston University,Boston University,Boston University,Boston University,boston-university,Boston University,Patriot
Bowling Green,Bowling Green,Bowling Green,Bowling Green,Bowling Green,Bowling Green,bowling-green-state,Bowling Green State,MAC
Bradley,Bradley,Bradley,Bradley,Bradley,Bradley,bradley,Bradley,MVC
Brown,Brown,Brown,Brown,Brown,Brown,brown,Brown,Ivy
Bryant,Bryant,Bryant,Bryant,Bryant,Bryant University,bryant,Bryant,Am. East
Bucknell,Bucknell,Bucknell,Bucknell,Bucknell,Bucknell,bucknell,Bucknell,Patriot
Buffalo,Buffalo,Buffalo,Buffalo,Buffalo,Buffalo,buffalo,Buffalo,MAC
Butler,Butler,Butler,Butler,Butler,Butler,butler,Butler,Big East
BYU,BYU,BYU,BYU,BYU,Brigham Young,brigham-young,Brigham Young,WCC
Cal Poly,Cal Poly,Cal Poly,Cal Poly,Cal Poly,Cal Poly,cal-poly,Cal Poly,Big West
Cal St. Fullerton,CSU Fullerton,CS Fullerton,Cal State Fullerton,Cal St. Fullerton,Cal State Fullerton,cal-state-fullerton,Cal State Fullerton,Big West
California,Cal,California,California,California,California,california,University of California,Pac 12
California Baptist,Cal Baptist,Cal Baptist,Cal Baptist,Cal Baptist,California Baptist,california-baptist,California Baptist,WAC
Campbell,Campbell,Campbell,Campbell,Campbell,Campbell,campbell,Campbell,Big South
Canisius,Canisius,Canisius,Canisius,Canisius,Canisius,canisius,Canisius,MAAC
Central Ark.,Cent Arkansas,Central Arkansas,Central Arkansas,Central Arkansas,Central Arkansas,central-arkansas,Central Arkansas,A-Sun
Central Conn. St.,Cent Conn St,Central Connecticut,Central Connecticut,Central Connecticut,Central Connecticut State,central-connecticut-state,Central Connecticut State,NEC
Central Mich.,Cent Michigan,Central Michigan,Central Michigan,Central Michigan,Central Michigan,central-michigan,Central Michigan,MAC
Charleston So.,Charleston So,Charleston Southern,Charleston Southern,Charleston Southern,Charleston Southern,charleston-southern,Charleston Southern,Big South
Charlotte,Charlotte,Charlotte,Charlotte,Charlotte,Charlotte,charlotte,Charlotte,C-USA
Chattanooga,Chattanooga,Chattanooga,Chattanooga,Chattanooga,Chattanooga,chattanooga,Chattanooga,Southern
Chicago St.,Chicago State,Chicago State,Chicago State,Chicago St.,Chicago State,chicago-state,Chicago State,Independent
Cincinnati,Cincinnati,Cincinnati,Cincinnati,Cincinnati,Cincinnati,cincinnati,Cincinnati,AAC
Clemson,Clemson,Clemson,Clemson,Clemson,Clemson,clemson,Clemson,ACC
Cleveland St.,Cleveland State,Cleveland State,Cleveland State,Cleveland St.,Cleveland State,cleveland-state,Cleveland State,Horizon
Coastal Carolina,C. Carolina,Coastal Carolina,Coastal Carolina,Coastal Carolina,Coastal Carolina,coastal-carolina,Coastal Carolina,Sunbelt
Col. of Charleston,Charleston,Charleston,Charleston,College of Charleston,Col. of Charleston,college-of-charleston,College of Charleston,CAA
Colgate,Colgate,Colgate,Colgate,Colgate,Colgate,colgate,Colgate,Patriot
Colorado,Colorado,Colorado,Colorado,Colorado,Colorado,colorado,Colorado,Pac 12
Colorado St.,Colorado State,Colorado State,Colorado State,Colorado St.,Colorado State,colorado-state,Colorado State,MWC
Columbia,Columbia,Columbia,Columbia,Columbia,Columbia,columbia,Columbia,Ivy
Coppin St.,Coppin State,Coppin State,Coppin State,Coppin St.,Coppin State,coppin-state,Coppin State,MEAC
Cornell,Cornell,Cornell,Cornell,Cornell,Cornell,cornell,Cornell,Ivy
Creighton,Creighton,Creighton,Creighton,Creighton,Creighton,creighton,Creighton,Big East
CSU Bakersfield,CSU Bakersfield,CSU Bakersfield,Cal State Bakersfield,Cal St. Bakersfield,Cal State Bakersfield,cal-state-bakersfield,Cal State Bakersfield,Big West
CSUN,CSU Northridge,CSU Northridge,Cal State Northridge,Cal St. Northridge,Cal State Northridge,cal-state-northridge,Cal State Northridge,Big West
Dartmouth,Dartmouth,Dartmouth,Dartmouth,Dartmouth,Dartmouth,dartmouth,Dartmouth,Ivy
Davidson,Davidson,Davidson,Davidson,Davidson,Davidson,davidson,Davidson,A-10
Dayton,Dayton,Dayton,Dayton,Dayton,Dayton,dayton,Dayton,A-10
Delaware,Delaware,Delaware,Delaware,Delaware,Delaware,delaware,Delaware,CAA
Delaware St.,Delaware State,Delaware State,Delaware State,Delaware St.,Delaware State,delaware-state,Delaware State,MEAC
Denver,Denver,Denver,Denver,Denver,Denver,denver,Denver,Summit
DePaul,DePaul,DePaul,DePaul,DePaul,DePaul,depaul,DePaul,Big East
Detroit Mercy,Detroit Mercy,Detroit Mercy,Detroit,Detroit,Detroit,detroit-mercy,Detroit Mercy,Horizon
Utah Tech,Utah Tech,Utah Tech,Dixie St.,Dixie St.,Dixie St.,,Dixie St.,WAC
Drake,Drake,Drake,Drake,Drake,Drake,drake,Drake,MVC
Drexel,Drexel,Drexel,Drexel,Drexel,Drexel,drexel,Drexel,CAA
Duke,Duke,Duke,Duke,Duke,Duke,duke,Duke,ACC
Duquesne,Duquesne,Duquesne,Duquesne,Duquesne,Duquesne,duquesne,Duquesne,A-10
East Carolina,ECU,East Carolina,East Carolina,East Carolina,East Carolina,east-carolina,East Carolina,AAC
Eastern Ill.,E Illinois,Eastern Illinois,Eastern Illinois,Eastern Illinois,Eastern Illinois,eastern-illinois,Eastern Illinois,OVC
Eastern Ky.,E Kentucky,Eastern Kentucky,Eastern Kentucky,Eastern Kentucky,Eastern Kentucky,eastern-kentucky,Eastern Kentucky,A-Sun
Eastern Mich.,E Michigan,Eastern Michigan,Eastern Michigan,Eastern Michigan,Eastern Michigan,eastern-michigan,Eastern Michigan,MAC
Eastern Wash.,E Washington,Eastern Washington,Eastern Washington,Eastern Washington,Eastern Washington,eastern-washington,Eastern Washington,Big Sky
Elon,Elon,Elon,Elon,Elon,Elon,elon,Elon,CAA
ETSU,ETSU,East Tennessee State,East Tennessee State,East Tennessee St.,East Tennessee State,east-tennessee-state,East Tennessee State,Southern
Evansville,Evansville,Evansville,Evansville,Evansville,Evansville,evansville,Evansville,MVC
Fairfield,Fairfield,Fairfield,Fairfield,Fairfield,Fairfield,fairfield,Fairfield,MAAC
Fairleigh Dickinson,Fair Dickinson,Fairleigh Dickinson,Fairleigh Dickinson,Fairleigh Dickinson,Fairleigh Dickinson,fairleigh-dickinson,Fairleigh Dickinson,NEC
FGCU,FGCU,Florida Gulf Coast,Florida Gulf Coast,Florida Gulf Coast,Florida Gulf Coast,florida-gulf-coast,Florida Gulf Coast,A-Sun
FIU,FIU,Florida International,FIU,FIU,FIU,florida-international,Florida International,C-USA
Fla. Atlantic,FAU,Florida Atlantic,Florida Atlantic,Florida Atlantic,Florida Atlantic,florida-atlantic,Florida Atlantic,C-USA
Florida,Florida,Florida,Florida,Florida,Florida,florida,Florida,SEC
Florida A&M,Florida A&M,Florida A&M,Florida A&M,Florida A&M,Florida A&M,florida-am,Florida A&M,SWAC
Florida St.,Florida State,Florida State,Florida State,Florida St.,Florida State,florida-state,Florida State,ACC
Fordham,Fordham,Fordham,Fordham,Fordham,Fordham,fordham,Fordham,A-10
Fresno St.,Fresno State,Fresno State,Fresno State,Fresno St.,Fresno State,fresno-state,Fresno State,MWC
Furman,Furman,Furman,Furman,Furman,Furman,furman,Furman,Southern
Ga. Southern,Ga Southern,Georgia Southern,Georgia Southern,Georgia Southern,Georgia Southern,georgia-southern,Georgia Southern,Sunbelt
Gardner-Webb,Gardner-Webb,Gardner-Webb,Gardner-Webb,Gardner Webb,Gardner-Webb,gardner-webb,Gardner-Webb,Big South
George Mason,George Mason,George Mason,George Mason,George Mason,George Mason,george-mason,George Mason,A-10
George Washington,G Washington,George Washington,George Washington,George Washington,George Washington,george-washington,George Washington,A-10
Georgetown,Georgetown,Georgetown,Georgetown,Georgetown,Georgetown,georgetown,Georgetown,Big East
Georgia,Georgia,Georgia,Georgia,Georgia,Georgia,georgia,Georgia,SEC
Georgia St.,Georgia State,Georgia St,Georgia State,Georgia St.,Georgia State,georgia-state,Georgia State,Sunbelt
Georgia Tech,Georgia Tech,Georgia Tech,Georgia Tech,Georgia Tech,Georgia Tech,georgia-tech,Georgia Tech,ACC
Gonzaga,Gonzaga,Gonzaga,Gonzaga,Gonzaga,Gonzaga,gonzaga,Gonzaga,WCC
Grambling,Grambling,Grambling,Grambling,Grambling St.,Grambling State,grambling,Grambling,SWAC
Grand Canyon,Grand Canyon,Grand Canyon,Grand Canyon,Grand Canyon,Grand Canyon,grand-canyon,Grand Canyon,WAC
Green Bay,Green Bay,Green Bay,Green Bay,Green Bay,Wisconsin-Green Bay,green-bay,Green Bay,Horizon
Hampton,Hampton,Hampton,Hampton,Hampton,Hampton,hampton,Hampton,CAA
Hartford,Hartford,Hartford,Hartford,Hartford,Hartford,hartford,Hartford,Independent
Harvard,Harvard,Harvard,Harvard,Harvard,Harvard,harvard,Harvard,Ivy
Hawaii,Hawai'i,Hawai'i,Hawaii,Hawaii,Hawaii,hawaii,Hawaii,Big West
High Point,High Point,High Point,High Point,High Point,High Point,high-point,High Point,Big South
Hofstra,Hofstra,Hofstra,Hofstra,Hofstra,Hofstra,hofstra,Hofstra,CAA
Holy Cross,Holy Cross,Holy Cross,Holy Cross,Holy Cross,Holy Cross,holy-cross,Holy Cross,Patriot
Houston,Houston,Houston,Houston,Houston,Houston,houston,Houston,AAC
Houston Christian,Houston Baptist,Houston Baptist,Houston Baptist,Houston Baptist,Houston Baptist,houston-baptist,Houston Baptist,Southland
Howard,Howard,Howard,Howard,Howard,Howard,howard,Howard,MEAC
Idaho,Idaho,Idaho,Idaho,Idaho,Idaho,idaho,Idaho,Big Sky
Idaho St.,Idaho State,Idaho State,Idaho State,Idaho St.,Idaho State,idaho-state,Idaho State,Big Sky
Illinois,Illinois,Illinois,Illinois,Illinois,Illinois,illinois,Illinois,Big 10
Illinois St.,Illinois State,Illinois State,Illinois State,Illinois St.,Illinois State,illinois-state,Illinois State,MVC
Indiana,Indiana,Indiana,Indiana,Indiana,Indiana,indiana,Indiana,Big 10
Indiana St.,Indiana State,Indiana State,Indiana State,Indiana St.,Indiana State,indiana-state,Indiana State,MVC
Iona,Iona,Iona,Iona,Iona,Iona,iona,Iona,MAAC
Iowa,Iowa,Iowa,Iowa,Iowa,Iowa,iowa,Iowa,Big 10
Iowa St.,Iowa State,Iowa State,Iowa State,Iowa St.,Iowa State,iowa-state,Iowa State,Big 12
IUPUI,IUPUI,IUPUI,IUPUI,IUPUI,IUPUI,iupui,IUPUI,Horizon
Jackson St.,Jackson State,Jackson State,Jackson State,Jackson St.,Jackson State,jackson-state,Jackson State,SWAC
Jacksonville,Jacksonville,Jacksonville,Jacksonville,Jacksonville,Jacksonville,jacksonville,Jacksonville,A-Sun
Jacksonville St.,Jacksonville St,Jacksonville State,Jacksonville State,Jacksonville St.,Jacksonville State,jacksonville-state,Jacksonville State,A-Sun
James Madison,JMU,James Madison,James Madison,James Madison,James Madison,james-madison,James Madison,Sunbelt
Kansas,Kansas,Kansas,Kansas,Kansas,Kansas,kansas,Kansas,Big 12
Kansas City,UMKC,UM Kansas City,UMKC,UMKC,Missouri-Kansas City,missouri-kansas-city,Missouri-Kansas City,Summit
Kansas St.,Kansas State,Kansas State,Kansas State,Kansas St.,Kansas State,kansas-state,Kansas State,Big 12
Kennesaw St.,Kennesaw State,Kennesaw State,Kennesaw State,Kennesaw St.,Kennesaw State,kennesaw-state,Kennesaw State,A-Sun
Kent St.,Kent State,Kent State,Kent State,Kent St.,Kent State,kent-state,Kent State,MAC
Kentucky,Kentucky,Kentucky,Kentucky,Kentucky,Kentucky,kentucky,Kentucky,SEC
La Salle,La Salle,La Salle,La Salle,La Salle,La Salle,la-salle,La Salle,A-10
Lafayette,Lafayette,Lafayette,Lafayette,Lafayette,Lafayette,lafayette,Lafayette,Patriot
Lamar University,Lamar,Lamar,Lamar,Lamar,Lamar,lamar,Lamar,Southland
Lehigh,Lehigh,Lehigh,Lehigh,Lehigh,Lehigh,lehigh,Lehigh,Patriot
Liberty,Liberty,Liberty,Liberty,Liberty,Liberty,liberty,Liberty,A-Sun
Lipscomb,Lipscomb,Lipscomb,Lipscomb,Lipscomb,Lipscomb,lipscomb,Lipscomb,A-Sun
Little Rock,Little Rock,Arkansas-Little Rock,Arkansas-Little Rock,Little Rock,Arkansas-Little Rock,arkansas-little-rock,Little Rock,OVC
LIU,LIU,Long Island University,Long Island,LIU Brooklyn,Long Island,long-island-university,Long Island University,NEC
LMU (CA),Loyola Mary,Loyola Marymount,Loyola-Marymount,Loyola Marymount,Loyola Marymount,loyola-marymount,Loyola Marymount,WCC
Long Beach St.,Long Beach State,Long Beach State,Long Beach State,Long Beach St.,Long Beach State,long-beach-state,Cal State Long Beach,Big West
Longwood,Longwood,Longwood,Longwood,Longwood,Longwood,longwood,Longwood,Big South
Louisiana,Louisiana,Louisiana,Louisiana-Lafayette,Louisiana Lafayette,Louisiana,louisiana-lafayette,Louisiana,Sunbelt
Louisiana Tech,LA Tech,Louisiana Tech,Louisiana Tech,Louisiana Tech,Louisiana Tech,louisiana-tech,Louisiana Tech,C-USA
Louisville,Louisville,Louisville,Louisville,Louisville,Louisville,louisville,Louisville,ACC
Loyola Chicago,Loyola-Chicago,Loyola Chicago,Loyola-Chicago,Loyola Chicago,Loyola Chicago,loyola-il,Loyola (IL),A-10
Loyola Maryland,Loyola (MD),Loyola (MD),Loyola-Maryland,Loyola MD,Loyola (MD),loyola-md,Loyola (MD),Patriot
LSU,LSU,LSU,LSU,LSU,LSU,louisiana-state,Louisiana State,SEC
Maine,Maine,Maine,Maine,Maine,Maine,maine,Maine,Am. East
Manhattan,Manhattan,Manhattan,Manhattan,Manhattan,Manhattan,manhattan,Manhattan,MAAC
Marist,Marist,Marist,Marist,Marist,Marist,marist,Marist,MAAC
Marquette,Marquette,Marquette,Marquette,Marquette,Marquette,marquette,Marquette,Big East
Marshall,Marshall,Marshall,Marshall,Marshall,Marshall,marshall,Marshall,Sunbelt
Maryland,Maryland,Maryland,Maryland,Maryland,Maryland,maryland,Maryland,Big 10
Massachusetts,UMass,Massachusetts,Massachusetts,Massachusetts,Massachusetts,massachusetts,Massachusetts,A-10
McNeese,Mcneese,Mcneese St,McNeese State,McNeese St.,McNeese State,mcneese-state,McNeese State,Southland
Memphis,Memphis,Memphis,Memphis,Memphis,Memphis,memphis,Memphis,AAC
Mercer,Mercer,Mercer,Mercer,Mercer,Mercer,mercer,Mercer,Southern
Merrimack,Merrimack,Merrimack,Merrimack,Merrimack,Merrimack,merrimack,Merrimack,NEC
Miami (FL),Miami,Miami,Miami (FL),Miami FL,Miami,miami-fl,Miami (FL),ACC
Miami (OH),Miami (OH),Miami (OH),Miami (OH),Miami OH,Miami (OH),miami-oh,Miami (OH),MAC
Michigan,Michigan,Michigan,Michigan,Michigan,Michigan,michigan,Michigan,Big 10
Michigan St.,Michigan State,Michigan State,Michigan State,Michigan St.,Michigan State,michigan-state,Michigan State,Big 10
Middle Tenn.,Mid Tennessee,Middle Tennessee,Middle Tennessee,Middle Tennessee,Middle Tennessee State,middle-tennessee,Middle Tennessee,C-USA
Milwaukee,Milwaukee,Milwaukee,Milwaukee,Milwaukee,Wisconsin-Milwaukee,milwaukee,Milwaukee,Horizon
Minnesota,Minnesota,Minnesota,Minnesota,Minnesota,Minnesota,minnesota,Minnesota,Big 10
Mississippi St.,Miss St,Mississippi State,Mississippi State,Mississippi St.,Mississippi State,mississippi-state,Mississippi State,SEC
Mississippi Val.,Miss Valley St,Mississippi Valley State,Mississippi Valley State,Mississippi Valley St.,Mississippi Valley State,mississippi-valley-state,Mississippi Valley State,SWAC
Missouri,Missouri,Missouri,Missouri,Missouri,Missouri,missouri,Missouri,SEC
Missouri St.,Missouri State,Missouri State,Missouri State,Missouri St.,Missouri State,missouri-state,Missouri State,MVC
Monmouth,Monmouth,Monmouth,Monmouth,Monmouth,Monmouth,monmouth,Monmouth,CAA
Montana,Montana,Montana,Montana,Montana,Montana,montana,Montana,Big Sky
Montana St.,Montana State,Montana State,Montana State,Montana St.,Montana State,montana-state,Montana State,Big Sky
Morehead St.,Morehead State,Morehead State,Morehead State,Morehead St.,Morehead State,morehead-state,Morehead State,OVC
Morgan St.,Morgan State,Morgan State,Morgan State,Morgan St.,Morgan State,morgan-state,Morgan State,MEAC
Mount St. Mary's,Mt St Mary's,Mt. St. Mary'S,Mount Saint Mary's,Mount St. Mary's,Mount St. Mary's,mount-st-marys,Mount St. Mary's,MAAC
Murray St.,Murray State,Murray State,Murray State,Murray St.,Murray State,murray-state,Murray State,MVC
N.C. A&T,NC A&T,North Carolina A&T,North Carolina A&T,North Carolina A&T,North Carolina A&T,north-carolina-at,North Carolina A&T,Big South
N.C. Central,NC Central,North Carolina Central,North Carolina Central,North Carolina Central,North Carolina Central,north-carolina-central,North Carolina Central,MEAC
Navy,Navy,Navy,Navy,Navy,Navy,navy,Navy,Patriot
NC State,NC State,NC State,North Carolina State,North Carolina St.,N.C. State,north-carolina-state,North Carolina State,ACC
Nebraska,Nebraska,Nebraska,Nebraska,Nebraska,Nebraska,nebraska,Nebraska,Big 10
Nevada,Nevada,Nevada,Nevada,Nevada,Nevada,nevada,Nevada,MWC
New Hampshire,UNH,New Hampshire,New Hampshire,New Hampshire,New Hampshire,new-hampshire,New Hampshire,Am. East
New Mexico,New Mexico,New Mexico,New Mexico,New Mexico,New Mexico,new-mexico,New Mexico,MWC
New Mexico St.,New Mexico St,New Mexico State,New Mexico State,New Mexico St.,New Mexico State,new-mexico-state,New Mexico State,WAC
New Orleans,New Orleans,New Orleans,New Orleans,New Orleans,New Orleans,new-orleans,New Orleans,Southland
Niagara,Niagara,Niagara,Niagara,Niagara,Niagara,niagara,Niagara,MAAC
Nicholls,Nicholls,Nicholls,Nicholls State,Nicholls St.,Nicholls State,nicholls-state,Nicholls State,Southland
NJIT,NJIT,NJIT,New Jersey Tech,NJIT,NJIT,njit,NJIT,Am. East
Norfolk St.,Norfolk State,Norfolk State,Norfolk State,Norfolk St.,Norfolk State,norfolk-state,Norfolk State,MEAC
North Ala.,North Alabama,North Alabama,North Alabama,North Alabama,North Ala.,north-alabama,North Alabama,A-Sun
North Carolina,UNC,North Carolina,North Carolina,North Carolina,North Carolina,north-carolina,North Carolina,ACC
North Dakota,North Dakota,North Dakota,North Dakota,North Dakota,North Dakota,north-dakota,North Dakota,Summit
North Dakota St.,North Dakota St,North Dakota State,North Dakota State,North Dakota St.,North Dakota State,north-dakota-state,North Dakota State,Summit
North Florida,North Florida,North Florida,North Florida,North Florida,North Florida,north-florida,North Florida,A-Sun
North Texas,North Texas,North Texas,North Texas,North Texas,North Texas,north-texas,North Texas,C-USA
Northeastern,Northeastern,Northeastern,Northeastern,Northeastern,Northeastern,northeastern,Northeastern,CAA
Northern Ariz.,N Arizona,Northern Arizona,Northern Arizona,Northern Arizona,Northern Arizona,northern-arizona,Northern Arizona,Big Sky
Northern Colo.,N Colorado,Northern Colorado,Northern Colorado,Northern Colorado,Northern Colorado,northern-colorado,Northern Colorado,Big Sky
NIU,N Illinois,Northern Illinois,Northern Illinois,Northern Illinois,Northern Illinois,northern-illinois,Northern Illinois,MAC
Northern Ky.,N Kentucky,Northern Kentucky,Northern Kentucky,Northern Kentucky,Northern Kentucky,northern-kentucky,Northern Kentucky,Horizon
Northwestern,Northwestern,Northwestern,Northwestern,Northwestern,Northwestern,northwestern,Northwestern,Big 10
Northwestern St.,Northwestern St,Northwestern State,Northwestern State,Northwestern St.,Northwestern State,northwestern-state,Northwestern State,Southland
Notre Dame,Notre Dame,Notre Dame,Notre Dame,Notre Dame,Notre Dame,notre-dame,Notre Dame,ACC
Oakland,Oakland,Oakland,Oakland,Oakland,Oakland,oakland,Oakland,Horizon
Ohio,Ohio,Ohio,Ohio,Ohio,Ohio,ohio,Ohio,MAC
Ohio St.,Ohio State,Ohio State,Ohio State,Ohio St.,Ohio State,ohio-state,Ohio State,Big 10
Oklahoma,Oklahoma,Oklahoma,Oklahoma,Oklahoma,Oklahoma,oklahoma,Oklahoma,Big 12
Oklahoma St.,Oklahoma State,Oklahoma State,Oklahoma State,Oklahoma St.,Oklahoma State,oklahoma-state,Oklahoma State,Big 12
Old Dominion,Old Dominion,Old Dominion,Old Dominion,Old Dominion,Old Dominion,old-dominion,Old Dominion,Sunbelt
Ole Miss,Ole Miss,Ole Miss,Ole Miss,Mississippi,Ole Miss,mississippi,Mississippi,SEC
Omaha,Omaha,Omaha,Nebraska-Omaha,Nebraska Omaha,Nebraska Omaha,nebraska-omaha,Omaha,Summit
Oral Roberts,Oral Roberts,Oral Roberts,Oral Roberts,Oral Roberts,Oral Roberts,oral-roberts,Oral Roberts,Summit
Oregon,Oregon,Oregon,Oregon,Oregon,Oregon,oregon,Oregon,Pac 12
Oregon St.,Oregon State,Oregon State,Oregon State,Oregon St.,Oregon State,oregon-state,Oregon State,Pac 12
Pacific,Pacific,Pacific,Pacific,Pacific,Pacific,pacific,Pacific,WCC
Penn,Penn,Pennsylvania,Pennsylvania,Penn,Pennsylvania,pennsylvania,Pennsylvania,Ivy
Penn St.,Penn State,Penn State,Penn State,Penn St.,Penn State,penn-state,Penn State,Big 10
Pepperdine,Pepperdine,Pepperdine,Pepperdine,Pepperdine,Pepperdine,pepperdine,Pepperdine,WCC
Pittsburgh,Pitt,Pittsburgh,Pittsburgh,Pittsburgh,Pittsburgh,pittsburgh,Pittsburgh,ACC
Portland,Portland,Portland,Portland,Portland,Portland,portland,Portland,WCC
Portland St.,Portland State,Portland State,Portland State,Portland St.,Portland State,portland-state,Portland State,Big Sky
Prairie View,PV A&M,Prairie View A&M,Prairie View A&M,Prairie View A&M,Prairie View A&M,prairie-view,Prairie View,SWAC
Presbyterian,Presbyterian,Presbyterian College,Presbyterian College,Presbyterian,Presbyterian,presbyterian,Presbyterian,Big South
Princeton,Princeton,Princeton,Princeton,Princeton,Princeton,princeton,Princeton,Ivy
Providence,Providence,Providence,Providence,Providence,Providence,providence,Providence,Big East
Purdue,Purdue,Purdue,Purdue,Purdue,Purdue,purdue,Purdue,Big 10
Purdue Fort Wayne,Fort Wayne,Purdue Fort Wayne,IPFW,Fort Wayne,IPFW,ipfw,Purdue-Fort Wayne,Horizon
Quinnipiac,Quinnipiac,Quinnipiac,Quinnipiac,Quinnipiac,Quinnipiac,quinnipiac,Quinnipiac,MAAC
Radford,Radford,Radford,Radford,Radford,Radford,radford,Radford,Big South
Rhode Island,URI,Rhode Island,Rhode Island,Rhode Island,Rhode Island,rhode-island,Rhode Island,A-10
Rice,Rice,Rice,Rice,Rice,Rice,rice,Rice,C-USA
Richmond,Richmond,Richmond,Richmond,Richmond,Richmond,richmond,Richmond,A-10
Rider,Rider,Rider,Rider,Rider,Rider,rider,Rider,MAAC
Robert Morris,Robert Morris,Robert Morris,Robert Morris,Robert Morris,Robert Morris,robert-morris,Robert Morris,Horizon
Rutgers,Rutgers,Rutgers,Rutgers,Rutgers,Rutgers,rutgers,Rutgers,Big 10
Sacramento St.,Sacramento St,Sacramento State,Sacramento State,Sacramento St.,Sacramento State,sacramento-state,Sacramento State,Big Sky
Sacred Heart,Sacred Heart,Sacred Heart,Sacred Heart,Sacred Heart,Sacred Heart,sacred-heart,Sacred Heart,NEC
Saint Francis (PA),St Francis (PA),St. Francis (PA),Saint Francis (PA),St. Francis PA,Saint Francis (PA),saint-francis-pa,Saint Francis (PA),NEC
Saint Joseph's,Saint Joe's,Saint Joseph's,Saint Joseph's,Saint Joseph's,Saint Joseph's,saint-josephs,Saint Joseph's,A-10
Saint Louis,Saint Louis,Saint Louis,Saint Louis,Saint Louis,Saint Louis,saint-louis,Saint Louis,A-10
Saint Mary's (CA),Saint Mary's,Saint Mary's,Saint Mary's College,Saint Mary's,St. Mary's,saint-marys-ca,Saint Mary's (CA),WCC
Saint Peter's,St Peter's,Saint Peter's,Saint Peter's,Saint Peter's,Saint Peter's,saint-peters,Saint Peter's,MAAC
Sam Houston,Sam Houston,Sam Houston State,Sam Houston State,Sam Houston St.,Sam Houston State,sam-houston-state,Sam Houston State,WAC
Samford,Samford,Samford,Samford,Samford,Samford,samford,Samford,Southern
San Diego,San Diego,San Diego,San Diego,San Diego,San Diego,san-diego,San Diego,WCC
San Diego St.,San Diego State,San Diego State,San Diego State,San Diego St.,San Diego State,san-diego-state,San Diego State,MWC
San Francisco,San Francisco,San Francisco,San Francisco,San Francisco,San Francisco,san-francisco,San Francisco,WCC
San Jose St.,San Jose State,San José State,San Jose State,San Jose St.,San Jose State,san-jose-state,San Jose State,MWC
Santa Clara,Santa Clara,Santa Clara,Santa Clara,Santa Clara,Santa Clara,santa-clara,Santa Clara,WCC
Seattle U,Seattle,Seattle U,Seattle University,Seattle,Seattle,seattle,Seattle,WAC
Seton Hall,Seton Hall,Seton Hall,Seton Hall,Seton Hall,Seton Hall,seton-hall,Seton Hall,Big East
SFA,SF Austin,Stephen F. Austin,Stephen F. Austin,Stephen F. Austin,Stephen F. Austin,stephen-f-austin,Stephen F. Austin,WAC
Siena,Siena,Siena,Siena,Siena,Siena,siena,Siena,MAAC
SIUE,SIUE,SIU Edwardsville,SIU Edwardsville,SIU Edwardsville,SIU Edwardsville,southern-illinois-edwardsville,Southern Illinois-Edwardsville,OVC
SMU,SMU,SMU,SMU,SMU,SMU,southern-methodist,Southern Methodist,AAC
South Alabama,South Alabama,South Alabama,South Alabama,South Alabama,South Alabama,south-alabama,South Alabama,Sunbelt
South Carolina,South Carolina,South Carolina,South Carolina,South Carolina,South Carolina,south-carolina,South Carolina,SEC
South Carolina St.,S Carolina St,South Carolina State,South Carolina State,South Carolina St.,South Carolina State,south-carolina-state,South Carolina State,MEAC
South Dakota,South Dakota,South Dakota,South Dakota,South Dakota,South Dakota,south-dakota,South Dakota,Summit
South Dakota St.,South Dakota St,South Dakota State,South Dakota State,South Dakota St.,South Dakota State,south-dakota-state,South Dakota State,Summit
South Fla.,USF,South Florida,South Florida,South Florida,USF,south-florida,South Florida,AAC
Southeast Mo. St.,SE Missouri St,Southeast Missouri State,Southeast Missouri State,Southeast Missouri St.,Southeast Missouri State,southeast-missouri-state,Southeast Missouri State,OVC
Southeastern La.,SE Louisiana,SE Louisiana,Southeastern Louisiana,Southeastern Louisiana,Southeastern Louisiana,southeastern-louisiana,Southeastern Louisiana,Southland
Southern California,USC,USC,USC,USC,USC,southern-california,Southern California,Pac 12
Southern Ill.,S Illinois,Southern Illinois,Southern Illinois,Southern Illinois,Southern Illinois,southern-illinois,Southern Illinois,MVC
Southern Miss.,Southern Miss,Southern Miss,Southern Miss,Southern Miss,Southern Miss,southern-mississippi,Southern Mississippi,Sunbelt
Southern U.,Southern,Southern,Southern,Southern,Southern University,southern,Southern,SWAC
Southern Utah,Southern Utah,Southern Utah,Southern Utah,Southern Utah,Southern Utah,southern-utah,Southern Utah,WAC
St. Bonaventure,St Bonaventure,St. Bonaventure,Saint Bonaventure,St. Bonaventure,St. Bonaventure,st-bonaventure,St. Bonaventure,A-10
St. Francis Brooklyn,St Francis (BKN),St. Francis (BKN),Saint Francis (NY),St. Francis NY,St. Francis (NY),st-francis-ny,St. Francis (NY),NEC
St. John's (NY),St John's,St. John's,Saint John's,St. John's,St. John's,st-johns-ny,St. John's (NY),Big East
St. Thomas (MN),St. Thomas - Minnesota,St. Thomas - Minnesota,,St. Thomas,,,,Summit
Stanford,Stanford,Stanford,Stanford,Stanford,Stanford,stanford,Stanford,Pac 12
Stetson,Stetson,Stetson,Stetson,Stetson,Stetson,stetson,Stetson,A-Sun
Stony Brook,Stony Brook,Stony Brook,Stony Brook,Stony Brook,Stony Brook,stony-brook,Stony Brook,CAA
Syracuse,Syracuse,Syracuse,Syracuse,Syracuse,Syracuse,syracuse,Syracuse,ACC
Tarleton St.,Tarleton,Tarleton,Tarleton St.,Tarleton St.,Tarleton St.,,Tarleton St.,WAC
TCU,TCU,TCU,TCU,TCU,TCU,texas-christian,Texas Christian,Big 12
Temple,Temple,Temple,Temple,Temple,Temple,temple,Temple,AAC
Tennessee,Tennessee,Tennessee,Tennessee,Tennessee,Tennessee,tennessee,Tennessee,SEC
Tennessee St.,Tennessee St,Tennessee State,Tennessee State,Tennessee St.,Tennessee State,tennessee-state,Tennessee State,OVC
Tennessee Tech,Tenn Tech,Tennessee Tech,Tennessee Tech,Tennessee Tech,Tennessee Tech,tennessee-tech,Tennessee Tech,OVC
Texas,Texas,Texas,Texas,Texas,Texas,texas,Texas,Big 12
Texas A&M,Texas A&M,Texas A&M,Texas A&M,Texas A&M,Texas A&M,texas-am,Texas A&M,SEC
Texas Southern,Texas Southern,Texas Southern,Texas Southern,Texas Southern,Texas Southern,texas-southern,Texas Southern,SWAC
Texas St.,Texas State,Texas State,Texas State,Texas St.,Texas State,texas-state,Texas State,Sunbelt
Texas Tech,Texas Tech,Texas Tech,Texas Tech,Texas Tech,Texas Tech,texas-tech,Texas Tech,Big 12
The Citadel,The Citadel,The Citadel,The Citadel,The Citadel,Citadel,citadel,Citadel,Southern
Toledo,Toledo,Toledo,Toledo,Toledo,Toledo,toledo,Toledo,MAC
Towson,Towson,Towson,Towson,Towson,Towson,towson,Towson,CAA
Troy,Troy,Troy,Troy,Troy,Troy,troy,Troy,Sunbelt
Tulane,Tulane,Tulane,Tulane,Tulane,Tulane,tulane,Tulane,AAC
Tulsa,Tulsa,Tulsa,Tulsa,Tulsa,Tulsa,tulsa,Tulsa,AAC
UAB,UAB,UAB,UAB,UAB,UAB,alabama-birmingham,Alabama-Birmingham,C-USA
UC Davis,UC Davis,UC Davis,UC Davis,UC Davis,UC Davis,california-davis,UC-Davis,Big West
UC Irvine,UC Irvine,UC Irvine,UC Irvine,UC Irvine,UC Irvine,california-irvine,UC-Irvine,Big West
UC Riverside,UC Riverside,UC Riverside,UC Riverside,UC Riverside,UC Riverside,california-riverside,UC-Riverside,Big West
UC San Diego,UC San Diego,UC San Diego,UC San Diego,UC San Diego,UC San Diego,,UC San Diego,Big West
UC Santa Barbara,UCSB,UC Santa Barbara,UC Santa Barbara,UC Santa Barbara,UC Santa Barbara,california-santa-barbara,UC-Santa Barbara,Big West
UCF,UCF,UCF,UCF,UCF,UCF,central-florida,Central Florida,AAC
UCLA,UCLA,UCLA,UCLA,UCLA,UCLA,ucla,UCLA,Pac 12
UConn,UConn,Connecticut,Connecticut,Connecticut,Connecticut,connecticut,Connecticut,Big East
UIC,UIC,UIC,Illinois-Chicago,Illinois Chicago,Illinois Chicago,illinois-chicago,Illinois-Chicago,MVC
UIW,Incarnate Word,Incarnate Word,Incarnate Word,Incarnate Word,Incarnate Word,incarnate-word,Incarnate Word,Southland
ULM,UL Monroe,Ul Monroe,ULM,Louisiana Monroe,Louisiana-Monroe,louisiana-monroe,Louisiana-Monroe,Sunbelt
UMass Lowell,UMass Lowell,UMass Lowell,Massachusetts-Lowell,UMass Lowell,UMass Lowell,massachusetts-lowell,Massachusetts-Lowell,Am. East
UMBC,UMBC,UMBC,UMBC,UMBC,UMBC,maryland-baltimore-county,Maryland-Baltimore County,Am. East
UMES,MD-E Shore,Maryland-Eastern Shore,Maryland Eastern Shore,Maryland Eastern Shore,Maryland Eastern Shore,maryland-eastern-shore,Maryland-Eastern Shore,MEAC
UNC Asheville,UNC Asheville,UNC Asheville,UNC Asheville,UNC Asheville,UNC Asheville,north-carolina-asheville,North Carolina-Asheville,Big South
UNC Greensboro,UNCG,UNC Greensboro,UNC Greensboro,UNC Greensboro,UNC Greensboro,north-carolina-greensboro,North Carolina-Greensboro,Southern
UNCW,UNC Wilmington,UNC Wilmington,UNC Wilmington,UNC Wilmington,UNC Wilmington,north-carolina-wilmington,North Carolina-Wilmington,CAA
UNI,Northern Iowa,Northern Iowa,Northern Iowa,Northern Iowa,Northern Iowa,northern-iowa,Northern Iowa,MVC
UNLV,UNLV,UNLV,UNLV,UNLV,UNLV,nevada-las-vegas,Nevada-Las Vegas,MWC
USC Upstate,USC Upstate,South Carolina Upstate,South Carolina Upstate,USC Upstate,South Carolina Upstate,south-carolina-upstate,South Carolina Upstate,Big South
UT Arlington,UT Arlington,UT Arlington,UTA,UT Arlington,UT-Arlington,texas-arlington,Texas-Arlington,WAC
UT Martin,UT Martin,UT Martin,Tennessee-Martin,Tennessee Martin,Tennessee-Martin,tennessee-martin,Tennessee-Martin,OVC
Utah,Utah,Utah,Utah,Utah,Utah,utah,Utah,Pac 12
Utah St.,Utah State,Utah State,Utah State,Utah St.,Utah State,utah-state,Utah State,MWC
Utah Valley,Utah Valley,Utah Valley,Utah Valley,Utah Valley,Utah Valley,utah-valley,Utah Valley,WAC
UTEP,UTEP,UTEP,UTEP,UTEP,UTEP,texas-el-paso,Texas-El Paso,C-USA
UTRGV,UT Rio Grande,UT Rio Grande Valley,UTRGV,UT Rio Grande Valley,UTSA,texas-pan-american,Texas-Rio Grande Valley,WAC
UTSA,UTSA,UT San Antonio,UTSA,UTSA,Texas-San Antonio,texas-san-antonio,Texas-San Antonio,C-USA
Valparaiso,Valparaiso,Valparaiso,Valparaiso,Valparaiso,Valparaiso,valparaiso,Valparaiso,MVC
Vanderbilt,Vanderbilt,Vanderbilt,Vanderbilt,Vanderbilt,Vanderbilt,vanderbilt,Vanderbilt,SEC
VCU,VCU,VCU,Virginia Commonwealth,VCU,VCU,virginia-commonwealth,Virginia Commonwealth,A-10
Vermont,Vermont,Vermont,Vermont,Vermont,Vermont,vermont,Vermont,Am. East
Villanova,Villanova,Villanova,Villanova,Villanova,Villanova,villanova,Villanova,Big East
Virginia,UVA,Virginia,Virginia,Virginia,Virginia,virginia,Virginia,ACC
Virginia Tech,Virginia Tech,Virginia Tech,Virginia Tech,Virginia Tech,Virginia Tech,virginia-tech,Virginia Tech,ACC
VMI,VMI,VMI,VMI,VMI,Virginia Military Institute,virginia-military-institute,Virginia Military Institute,Southern
Wagner,Wagner,Wagner,Wagner,Wagner,Wagner,wagner,Wagner,NEC
Wake Forest,Wake Forest,Wake Forest,Wake Forest,Wake Forest,Wake Forest,wake-forest,Wake Forest,ACC
Washington,Washington,Washington,Washington,Washington,Washington,washington,Washington,Pac 12
Washington St.,Washington St,Washington State,Washington State,Washington St.,Washington State,washington-state,Washington State,Pac 12
Weber St.,Weber State,Weber State,Weber State,Weber St.,Weber State,weber-state,Weber State,Big Sky
West Virginia,West Virginia,West Virginia,West Virginia,West Virginia,West Virginia,west-virginia,West Virginia,Big 12
Western Caro.,W Carolina,Western Carolina,Western Carolina,Western Carolina,Western Carolina,western-carolina,Western Carolina,Southern
Western Ill.,W Illinois,Western Illinois,Western Illinois,Western Illinois,Western Illinois,western-illinois,Western Illinois,Summit
Western Ky.,W Kentucky,Western Kentucky,Western Kentucky,Western Kentucky,Western Kentucky,western-kentucky,Western Kentucky,C-USA
Western Mich.,W Michigan,Western Michigan,Western Michigan,Western Michigan,Western Michigan,western-michigan,Western Michigan,MAC
Wichita St.,Wichita State,Wichita State,Wichita State,Wichita St.,Wichita State,wichita-state,Wichita State,AAC
William & Mary,William & Mary,William & Mary,William & Mary,William & Mary,William & Mary,william-mary,William & Mary,CAA
Winthrop,Winthrop,Winthrop,Winthrop,Winthrop,Winthrop,winthrop,Winthrop,Big South
Wisconsin,Wisconsin,Wisconsin,Wisconsin,Wisconsin,Wisconsin,wisconsin,Wisconsin,Big 10
Wofford,Wofford,Wofford,Wofford,Wofford,Wofford,wofford,Wofford,Southern
Wright St.,Wright State,Wright State,Wright State,Wright St.,Wright State,wright-state,Wright State,Horizon
Wyoming,Wyoming,Wyoming,Wyoming,Wyoming,Wyoming,wyoming,Wyoming,MWC
Xavier,Xavier,Xavier,Xavier,Xavier,Xavier,xavier,Xavier,Big East
Yale,Yale,Yale,Yale,Yale,Yale,yale,Yale,Ivy
Youngstown St.,Youngstown St,Youngstown State,Youngstown State,Youngstown St.,Youngstown State,youngstown-state,Youngstown State,Horizon
,Birmingham-Southern,,,,,birmingham-southern,Birmingham-Southern,
,Centenary,,,Centenary,,centenary-la,Centenary (LA),
,Morris Brown,,,,,morris-brown,Morris Brown,
,Savannah St,,,Savannah St.,,savannah-state,Savannah State,
Queens (NC),Queens University,Queens University,,Queens,,,,A-Sun
Lindenwood,Lindenwood,Lindenwood,,Lindenwood,,,,OVC
Tex. A&M-Commerce,Texas A&M-Commerce,Texas A&M-Commerce,,Texas A&M-Commerce,,,,Southland
Southern Ind.,Southern Indiana,Southern Indiana,,Southern Indiana,,,,OVC
Stonehill,Stonehill,Stonehill,,Stonehill,,,,NEC
